Workbook

Sheet Fund-Level Alpha
B2: EnCap Investments - Fund-level Alpha Analysis
B4: Fund | C4: Vintage | D4: Net IRR | E4: MSCI Natural Resources | F4: Alpha | G4: Pitchbook O&G | H4: Alpha | I4: Average Fund Alpha
B5: Upstream Fund XI | C5: 2017 | D5: 22.2% | E5: =VLOOKUP(C5,'MSCI Natural Resources'!B4:C19,2) -> 0.092 | F5: =$D5-E5 -> 0.13 | G5: =VLOOKUP(C5,'Pitchbook O&G'!$B$3:$C$22,2) -> 0.0974 | H5: =$D5-G5 -> 0.1246 | I5: =AVERAGE(F5,H5) -> 0.1273
B6: Upstream Fund X | C6: 2015 | D6: 16.4% | E6: =VLOOKUP(C6,'MSCI Natural Resources'!B5:C20,2) -> 0.08 | F6: =$D6-E6 -> 0.084 | G6: =VLOOKUP(C6,'Pitchbook O&G'!$B$3:$C$22,2) -> 0.093 | H6: =$D6-G6 -> 0.071 | I6: =AVERAGE(F6,H6) -> 0.0775
B7: Upstream Fund IX | C7: 2013 | D7: 10.9% | E7: =VLOOKUP(C7,'MSCI Natural Resources'!B6:C21,2) -> 0.037 | F7: =$D7-E7 -> 0.072 | G7: =VLOOKUP(C7,'Pitchbook O&G'!$B$3:$C$22,2) -> 0.013 | H7: =$D7-G7 -> 0.096 | I7: =AVERAGE(F7,H7) -> 0.084
B8: Upstream Fund VIII | C8: 2010 | D8: 0.6% | E8: =VLOOKUP(C8,'MSCI Natural Resources'!B4:C19,2) -> 0.012 | F8: =$D8-E8 -> -0.006 | G8: =VLOOKUP(C8,'Pitchbook O&G'!$B$3:$C$22,2) -> -0.148 | H8: =$D8-G8 -> 0.154 | I8: =AVERAGE(F8,H8) -> 0.074
B9: Upstream Fund VII | C9: 2007 | D9: 14.5% | G9: =VLOOKUP(C9,'Pitchbook O&G'!$B$3:$C$22,2) -> 0.011 | H9: =$D9-G9 -> 0.134 | I9: =AVERAGE(F9,H9) -> 0.134
B10: Upstream Fund VI | C10: 2006 | D10: 23.4% | G10: =VLOOKUP(C10,'Pitchbook O&G'!$B$3:$C$22,2) -> 0.0189 | H10: =$D10-G10 -> 0.2151 | I10: =AVERAGE(F10,H10) -> 0.2151
B11: Upstream Fund V | C11: 2004 | D11: 26.9% | G11: =VLOOKUP(C11,'Pitchbook O&G'!$B$3:$C$22,2) -> 0.1858 | H11: =$D11-G11 -> 0.0832 | I11: =AVERAGE(F11,H11) -> 0.0832
B12: Upstream Fund IV | C12: 2001 | D12: 68.4% | G12: =VLOOKUP(C12,'Pitchbook O&G'!$B$3:$C$22,2) -> 0.5053 | H12: =$D12-G12 -> 0.1787 | I12: =AVERAGE(F12,H12) -> 0.1787
B13: Upstream Fund III | C13: 1997 | D13: 23.5%
B14: Upstream Fund II | C14: 1996 | D14: 3.6%
B15: Upstream Fund I | C15: 1994 | D15: 24.8%
B17: Average | F17: =AVERAGE(F5:F8) -> 0.07 | H17: =AVERAGE(H5:H12) -> 0.132075

Sheet Pitchbook O&G
B2: Vintage | C2: IRR
B3: 1998 | C3: 0.209
B4: 1999 | C4: 0.24
B5: 2000 | C5: 0.7259
B6: 2001 | C6: 0.5053
B7: 2002 | C7: 0.3605
B8: 2003 | C8: 0.247
B9: 2004 | C9: 0.1858
B10: 2005 | C10: 0.0784
B11: 2006 | C11: 0.0189
B12: 2007 | C12: 0.011
B13: 2008 | C13: 0.0835
B14: 2009 | C14: -0.0016
... B22: 2017 | C22: 0.0974

Sheet MSCI Natural Resources
C3: Natural Resources
B4: 2010 | C4: 0.012
B5: 2011 | C5: -0.067
B6: 2012 | C6: 0.005
B7: 2013 | C7: 0.037
B8: 2014 | C8: 0.038
B9: 2015 | C9: 0.08
B10: 2016 | C10: 0.068
B11: 2017 | C11: 0.092
B12: 2018 | C12: 0.086
B13: 2019 | C13: 0.12
B14: 2020 | C14: 0.069
B15: 2021 | C15: 0.188
... B18: 2024 | C18: 0.04
B19: All | C19: 0.062
